time	radps
0,00336	0,00000
0,00704	0,00000
0,01019	0,00000
0,01389	0,00000
0,01685	0,00000
0,02000	0,00000
0,02289	0,00000
0,02566	0,00000
0,02848	0,00000
0,03131	0,06981
0,03408	0,00000
0,03679	0,00000
0,03962	0,00000
0,04241	0,01745
0,04524	0,27925
0,04816	0,27925
0,05129	0,27925
0,05472	0,27925
0,05776	0,27925
0,06120	0,26180
0,06424	0,27925
0,06737	0,27925
0,07053	0,27925
0,07391	0,27925
0,07690	0,27925
0,08002	0,27925
0,08354	0,26180
0,08708	0,27925
0,09050	0,33161
0,09369	0,40143
0,09674	0,36652
0,09974	0,40143
0,10294	0,33161
0,10614	0,47124
0,10917	0,54105
0,11221	0,48869
0,11574	0,61087
0,11929	0,55851
0,12262	0,55851
0,12572	0,55851
0,12872	0,61087
0,13192	0,66323
0,13502	0,73304
0,13827	0,71558
0,14145	0,71558
0,14488	0,78540
0,14836	0,75049
0,15140	0,87266
0,15482	0,75049
0,15798	0,75049
0,16098	0,83776
0,16403	0,90757
0,16714	0,83776
0,17015	0,83776
0,17330	0,94248
0,17638	0,90757
0,18003	0,92502
0,18321	0,92502
0,18661	0,97738
0,19006	0,94248
0,19335	1,04720
0,19638	1,04720
0,19944	1,11701
0,20261	1,11701
0,20560	1,06465
0,20869	1,04720
0,21219	1,09956
0,21527	1,13446
0,21836	1,18682
0,22147	1,22173
0,22466	1,25664
0,22778	1,18682
0,23081	1,25664
0,23394	1,25664
0,23695	1,29154
0,24005	1,30900
0,24313	1,25664
0,24641	1,50098
0,24999	1,29154
0,25305	1,41372
0,25640	1,37881
0,25952	1,41372
0,26255	1,36136
0,26560	1,44862
0,26878	1,51844
0,27179	1,43117
0,27482	1,44862
0,27795	1,51844
0,28141	1,55334
0,28455	1,48353
0,28777	1,51844
0,29084	1,50098
0,29393	1,51844
0,29712	1,50098
0,30025	1,62316
0,30328	1,55334
0,30674	1,57080
0,30973	1,60570
0,31337	1,64061
0,31705	1,62316
0,32036	1,64061
0,32352	1,67552
0,32670	1,76278
0,32983	1,71042
0,33299	1,76278
0,33639	1,86750
0,33940	1,76278
0,34293	1,76278
0,34616	1,86750
0,34959	1,86750
0,35287	1,88496
0,35591	1,93732
0,35909	1,95477
0,36218	1,97222
0,36541	1,95477
0,36863	1,93732
0,37176	2,02458
0,37516	1,95477
0,37857	2,05949
0,38196	2,05949
0,38524	2,09440
0,38825	2,09440
0,39132	2,19911
0,39446	2,19911
0,39754	2,09440
0,40078	2,19911
0,40377	2,25147
0,40717	2,21657
0,41058	2,26893
0,41397	2,14675
0,41729	2,25147
0,42031	2,25147
0,42343	2,26893
0,42659	2,25147
0,42996	2,33874
0,43340	2,26893
0,43661	2,32129
0,44013	2,33874
0,44375	2,33874
0,44699	2,44346
0,45004	2,40855
0,45315	2,44346
0,45630	2,44346
0,45991	2,47837
0,46327	2,46091
0,46661	2,47837
0,46999	2,54818
0,47307	2,51327
0,47697	2,60054
0,48027	2,65290
0,48341	2,65290
0,48646	2,67035
0,48963	2,65290
0,49284	2,72271
0,49588	2,67035
0,49931	2,77507
0,50275	2,72271
0,50591	2,77507
0,50939	2,82743
0,51260	2,72271
0,51559	2,84489
0,51872	2,77507
0,52179	2,82743
0,52527	2,74017
0,52851	2,77507
0,53163	2,82743
0,53469	2,86234
0,53779	2,84489
0,54106	2,84489
0,54418	2,86234
0,54715	2,77507
0,55019	2,89725
0,55341	2,84489
0,55652	2,93215
0,55975	3,03687
0,56331	3,03687
0,56643	3,03687
0,56954	3,10669
0,57269	3,05433
0,57601	3,10669
0,57903	3,08923
0,58211	3,10669
0,58532	3,15905
0,58841	3,05433
0,59154	3,15905
0,59489	3,15905
0,59795	3,24631
0,60106	3,21141
0,60457	3,24631
0,60788	3,17650
0,61090	3,28122
0,61399	3,31613
0,61719	3,28122
0,62031	3,28122
0,62336	3,31613
0,62691	3,40339
0,63013	3,36849
0,63355	3,49066
0,63694	3,43830
0,64022	3,47321
0,64324	3,50811
0,64635	3,54302
0,64953	3,50811
0,65303	3,57792
0,65610	3,57792
0,65919	3,54302
0,66263	3,56047
0,66579	3,57792
0,66886	3,68264
0,67190	3,66519
0,67500	3,73500
0,67804	3,66519
0,68157	3,63028
0,68501	3,63028
0,68811	3,73500
0,69131	3,73500
0,69483	3,70010
0,69787	3,75246
0,70091	3,76991
0,70396	3,87463
0,70705	3,85718
0,71022	3,85718
0,71339	3,96190
0,71698	3,92699
0,72005	3,96190
0,72350	3,96190
0,72711	3,94444
0,73034	3,92699
0,73346	3,94444
0,73651	4,01426
0,73960	3,99680
0,74274	4,06662
0,74598	3,94444
0,74931	3,99680
0,75238	4,06662
0,75543	4,04916
0,75897	4,13643
0,76219	4,31096
0,76534	4,15388
0,76836	4,08407
0,77147	4,18879
0,77460	4,15388
0,77760	4,31096
0,78100	4,20624
0,78405	4,20624
0,78764	4,31096
0,79116	4,25860
0,79432	4,43314
0,79741	4,39823
0,80046	4,38078
0,80351	4,38078
0,80667	4,43314
0,80970	4,43314
0,81276	4,32842
0,81627	4,46804
0,81990	4,43314
0,82327	4,39823
0,82642	4,46804
0,82943	4,39823
0,83254	4,57276
0,83563	4,57276
0,83870	4,53786
0,84174	4,59022
0,84531	4,66003
0,84890	4,71239
0,85228	4,62512
0,85590	4,62512
0,85894	4,69494
0,86204	4,71239
0,86511	4,85202
0,86825	4,59022
0,87146	4,72984
0,87448	4,85202
0,87753	4,83456
0,88057	4,83456
0,88361	4,88692
0,88715	4,81711
0,89025	4,81711
0,89337	5,02655
0,89641	4,92183
0,89994	4,92183
0,90317	4,92183
0,90630	4,95674
0,90945	4,90438
0,91290	4,97419
0,91603	5,07891
0,91910	5,02655
0,92208	5,11381
0,92507	5,04400
0,92805	5,07891
0,93102	5,02655
0,93417	5,07891
0,93725	5,07891
0,94022	5,02655
0,94343	5,09636
0,94692	5,16617
0,94990	5,16617
0,95302	5,20108
0,95604	5,16617
0,95915	5,11381
0,96233	5,20108
0,96545	5,27089
0,96849	5,37561
0,97155	5,27089
0,97511	5,28835
0,97827	5,27089
0,98132	5,27089
0,98430	5,30580
0,98741	5,28835
0,99056	5,35816
0,99362	5,46288
0,99664	5,41052
1,00014	5,46288
1,00328	5,46288
1,00634	5,42797
1,01000	5,49779
1,01344	5,56760
1,01641	5,55015
1,01964	5,49779
1,02269	5,49779
1,02587	5,49779
1,02885	5,48033
1,03196	5,60251
1,03501	5,61996
1,03838	5,68977
1,04165	5,75959
1,04525	5,61996
1,04832	5,67232
1,05145	5,67232
1,05447	5,74213
1,05764	5,74213
1,06072	5,74213
1,06378	5,74213
1,06711	5,67232
1,07023	5,74213
1,07385	5,72468
1,07712	5,79449
1,08037	5,81195
1,08339	5,75959
1,08645	5,84685
1,08965	5,75959
1,09267	5,93412
1,09608	5,95157
1,09907	6,03884
1,10256	5,86431
1,10597	5,93412
1,10920	5,91667
1,11240	5,84685
1,11541	6,10865
1,11853	6,05629
1,12164	6,19592
1,12468	6,05629
1,12771	6,00393
1,13128	5,93412
1,13447	6,17847
1,13804	6,12611
1,14113	6,14356
1,14440	6,17847
1,14746	6,05629
1,15058	6,19592
1,15375	6,10865
1,15679	6,17847
1,15982	6,24828
1,16283	6,31809
1,16598	6,30064
1,16985	6,19592
1,17311	6,33555
1,17642	6,38791
1,17960	6,42281
1,18266	6,42281
1,18576	6,33555
1,18876	6,31809
1,19187	6,44026
1,19487	6,45772
1,19818	6,45772
1,20137	6,49262
1,20463	6,51008
1,20770	6,45772
1,21089	6,49262
1,21402	6,61480
1,21726	6,52753
1,22047	6,52753
1,22357	6,45772
1,22704	6,37045
1,23016	6,57989
1,23341	6,64970
1,23649	6,63225
1,23956	6,64970
1,24262	6,61480
1,24565	6,80678
1,24938	6,64970
1,25260	6,75442
1,25558	6,84169
1,25870	6,64970
1,26204	6,71952
1,26519	6,70206
1,26818	6,91150
1,27127	7,01622
1,27433	6,89405
1,27751	6,96386
1,28053	6,91150
1,28367	7,15585
1,28676	6,99877
1,28983	7,03368
1,29332	7,03368
1,29652	7,08604
1,29964	6,89405
1,30266	7,01622
1,30567	7,20821
1,30881	7,13840
1,31191	7,01622
1,31487	7,15585
1,31816	7,15585
1,32156	7,22566
1,32518	7,15585
1,32882	7,08604
1,33199	7,06858
1,33509	7,10349
1,33815	7,34784
1,34140	7,33038
1,34492	7,22566
1,34837	7,20821
1,35141	7,48746
1,35491	7,48746
1,35830	7,29548
1,36205	7,22566
1,36525	7,36529
1,36832	7,64454
1,37140	7,41765
1,37451	7,45256
1,37812	7,64454
1,38188	7,47001
1,38499	7,59218
1,38840	7,66200
1,39200	7,60964
1,39514	7,48746
1,39831	7,60964
1,40140	7,71436
1,40456	7,78417
1,40768	7,64454
1,41071	7,55728
1,41377	7,80162
1,41697	7,80162
1,42065	7,78417
1,42382	7,73181
1,42692	7,73181
1,43001	7,60964
1,43311	7,83653
1,43627	7,87143
1,43939	7,78417
1,44265	7,66200
1,44569	7,94125
1,44875	8,04597
1,45183	7,87143
1,45483	7,97615
1,45794	7,74926
1,46122	7,94125
1,46433	7,92379
1,46762	8,22050
1,47083	8,04597
1,47399	7,92379
1,47711	8,13323
1,48080	8,25541
1,48381	8,04597
1,48685	8,09833
1,48994	8,09833
1,49292	8,13323
1,49613	8,23795
1,49918	8,30777
1,50243	8,25541
1,50628	8,13323
1,50942	8,22050
1,51280	8,18559
1,51597	8,25541
1,51914	8,29031
1,52220	8,25541
1,52532	8,32522
1,52836	8,30777
1,53160	8,11578
1,53487	8,48230
1,53798	8,49975
1,54119	8,48230
1,54455	8,36013
1,54778	8,23795
1,55086	8,42994
1,55392	8,55211
1,55698	8,60447
1,56006	8,44739
1,56317	8,56957
1,56638	8,55211
1,56980	8,44739
1,57283	8,60447
1,57603	8,55211
1,57941	8,49975
1,58245	8,90118
1,58540	8,76155
1,58843	8,55211
1,59151	8,70919
1,59464	8,86627
1,59770	8,76155
1,60077	8,55211
1,60381	8,62193
1,60690	8,88373
1,61009	8,77901
1,61362	8,86627
1,61670	8,62193
1,61972	8,81391
1,62278	8,86627
1,62592	8,86627
1,62915	8,63938
1,63239	8,74410
1,63536	8,93609
1,63873	8,88373
1,64200	8,88373
1,64551	8,90118
1,64858	8,93609
1,65159	8,90118
1,65466	8,90118
1,65789	8,86627
1,66098	8,97099
1,66443	9,44223
1,66741	9,16298
1,67079	8,93609
1,67395	9,19789
1,67740	9,09317
1,68061	9,19789
1,68363	9,05826
1,68669	9,12807
1,68982	9,21534
1,69289	9,32006
1,69618	9,19789
1,69929	9,26770
1,70263	9,47714
1,70596	9,28515
1,70930	9,19789
1,71248	9,33751
1,71552	9,38987
1,71854	9,51204
1,72169	9,47714
1,72482	9,25025
1,72792	9,52950
1,73126	9,38987
1,73441	9,44223
1,73784	9,35496
1,74128	9,40732
1,74432	9,47714
1,74736	9,47714
1,75041	9,73894
1,75356	9,63422
1,75659	9,72148
1,75995	9,51204
1,76336	9,51204
1,76649	9,77384
1,76953	9,63422
1,77297	9,51204
1,77607	9,91347
1,77910	9,96583
1,78211	9,73894
1,78528	9,65167
1,78844	9,47714
1,79152	9,86111
1,79458	9,89602
1,79799	9,51204
1,80108	9,96583
1,80453	9,91347
1,80777	9,72148
1,81080	9,70403
1,81381	9,91347
1,81692	9,96583
1,82012	9,98328
1,82319	9,77384
1,82641	10,08800
1,82957	10,10546
1,83265	9,86111
1,83623	9,93092
1,83926	10,08800
1,84231	10,27999
1,84538	10,15782
1,84850	9,93092
1,85181	10,10546
1,85502	10,03564
1,85807	9,96583
1,86137	10,01819
1,86486	10,27999
1,86792	10,05310
1,87094	9,98328
1,87408	10,17527
1,87706	10,17527
1,88025	10,17527
1,88362	10,01819
1,88670	10,22763
1,88990	10,36726
1,89291	10,15782
1,89600	10,22763
1,89937	10,41962
1,90255	10,17527
1,90576	10,24508
1,90873	10,27999
1,91189	10,61160
1,91519	10,48943
1,91839	10,10546
1,92160	10,55924
1,92468	10,43707
1,92775	10,31490
1,93070	10,47198
1,93378	10,62906
1,93684	10,66396
1,93988	10,43707
1,94280	10,43707
1,94595	10,66396
1,94939	10,34980
1,95236	10,31490
1,95579	10,57670
1,95889	10,73377
1,96211	10,43707
1,96544	10,62906
1,96858	10,80359
1,97160	10,73377
1,97470	10,54179
1,97781	10,50688
1,98080	11,06539
1,98400	10,68142
1,98701	10,76868
1,99014	11,04793
1,99318	10,76868
1,99657	10,87340
1,99959	10,57670
2,00266	10,99557
2,00573	10,89085
2,00891	10,75123
2,01219	11,13520
2,01523	10,82104
2,01840	10,94321
2,02174	10,89085
2,02498	11,06539
2,02816	11,11775
2,03112	10,82104
2,03421	11,20501
2,03730	10,94321
2,04039	10,82104
2,04375	11,06539
2,04679	11,08284
2,04991	11,20501
2,05295	11,18756
2,05638	11,37955
2,05970	11,30973
2,06283	11,11775
2,06604	11,23992
2,06902	11,50172
2,07216	11,18756
2,07514	11,53663
2,07842	11,57153
2,08185	11,34464
2,08486	11,27483
2,08815	11,25737
2,09117	11,51917
2,09443	11,13520
2,09758	11,51917
2,10047	11,53663
2,10353	11,43191
2,10660	11,37955
2,10954	11,46681
2,11263	11,78097
2,11620	11,43191
2,11966	11,62389
2,12303	11,69371
2,12627	11,53663
2,12938	11,71116
2,13240	11,83333
2,13571	11,69371
2,13876	11,58899
2,14184	11,78097
2,14528	11,76352
2,14827	11,58899
2,15166	11,90315
2,15488	11,76352
2,15820	11,53663
2,16131	11,83333
2,16430	11,81588
2,16743	11,81588
2,17045	11,65880
2,17353	12,04277
2,17660	11,57153
2,17961	11,83333
2,18292	11,95551
2,18599	11,58899
2,18913	11,90315
2,19215	11,88569
2,19512	12,16494
2,19809	11,69371
2,20111	12,11259
2,20417	12,02532
2,20722	11,76352
2,21029	12,02532
2,21341	12,11259
2,21645	12,14749
2,21950	11,76352
2,22240	12,19985
2,22549	11,90315
2,22863	11,78097
2,23192	12,04277
2,23511	12,19985
2,23810	12,00787
2,24118	12,21730
2,24464	12,16494
2,24805	12,11259
2,25110	12,00787
2,25412	12,46165
2,25725	12,19985
2,26034	12,49656
2,26387	12,33948
2,26701	12,37438
2,26999	12,11259
2,27311	12,56637
2,27635	12,42674
2,27990	12,37438
2,28297	12,53146
2,28600	12,09513
2,28911	12,42674
2,29226	12,40929
2,29531	12,54892
2,29832	12,21730
2,30143	12,88053
2,30445	12,33948
2,30754	12,37438
2,31058	12,49656
2,31372	12,54892
2,31679	12,53146
2,31988	12,81072
2,32287	12,68854
2,32605	12,46165
2,32907	12,67109
2,33251	12,88053
2,33550	12,46165
2,33890	13,07252
2,34217	12,61873
2,34546	12,74090
2,34851	12,49656
2,35156	13,03761
2,35465	12,28712
2,35780	13,26450
2,36202	12,60128
2,36512	12,74090
2,36859	12,74090
2,37208	13,24705
2,37537	12,60128
2,37855	13,26450
2,38156	12,74090
2,38462	13,17724
2,38777	13,03761
2,39081	13,12488
2,39379	12,93289
2,39715	13,33432
2,40042	13,00270
2,40397	12,93289
2,40751	13,19469
2,41056	12,91544
2,41371	13,17724
2,41682	13,07252
2,42012	13,07252
2,42323	12,98525
2,42639	13,49140
2,42945	12,86308
2,43324	13,49140
2,43667	12,74090
2,43964	13,33432
2,44275	13,45649
2,44593	13,43904
2,44907	13,24705
2,45227	13,61357
2,45549	12,95034
2,45862	13,43904
2,46160	13,42158
2,46465	13,26450
2,46803	13,29941
2,47107	13,49140
2,47411	13,00270
2,47731	13,50885
2,48039	13,52630
2,48370	13,29941
2,48683	13,56121
2,48992	13,45649
2,49314	13,29941
2,49654	13,68338
2,49978	13,63102
2,50292	13,56121
2,50599	13,63102
2,50903	13,45649
2,51222	13,38668
2,51572	13,91027
2,51891	13,50885
2,52213	14,03245
2,52534	13,29941
2,52860	13,77065
2,53210	13,43904
2,53515	14,20698
2,53813	13,36922
2,54122	14,25934
2,54434	13,24705
2,54775	14,17207
2,55101	13,82301
2,55403	14,06735
2,55707	14,22443
2,56055	14,13717
2,56383	13,61357
2,56701	14,15462
2,57001	13,75319
2,57304	14,22443
2,57620	14,15462
2,57963	13,94518
2,58306	13,64847
2,58609	14,39897
2,58949	13,52630
2,59299	14,74803
2,59622	13,64847
2,59923	14,25934
2,60222	14,22443
2,60533	14,15462
2,60850	14,20698
2,61138	14,45133
2,61430	14,01499
2,61728	14,55605
2,62068	14,29425
2,62409	14,34661
2,62750	14,52114
2,63057	14,15462
2,63359	14,29425
2,63663	14,34661
2,63982	14,10226
2,64315	14,64331
2,64623	14,20698
2,64943	14,10226
2,65281	14,55605
2,65617	14,17207
2,65954	14,90511
2,66260	13,84046
2,66560	14,78294
2,66854	14,13717
2,67170	14,92257
2,67477	14,01499
2,67776	15,09710
2,68087	13,82301
2,68402	15,13200
2,68733	14,39897
2,69047	14,55605
2,69353	14,60841
2,69652	14,29425
2,69962	14,34661
2,70272	14,80039
2,70574	14,46878
2,70886	14,73058
2,71181	14,74803
2,71479	14,34661
2,71797	14,90511
2,72140	14,90511
2,72454	14,64331
2,72755	14,83530
2,73066	14,67822
2,73382	14,66077
2,73692	15,28908
2,74000	14,27679
2,74338	15,55088
2,74647	14,15462
2,74964	15,13200
2,75277	14,78294
2,75604	14,90511
2,75918	15,18436
2,76217	14,59095
2,76537	15,16691
2,76882	14,85275
2,77186	15,23672
2,77499	15,21927
2,77828	15,23672
2,78168	14,90511
2,78470	15,55088
2,78777	14,85275
2,79077	15,77778
2,79386	14,83530
2,79701	14,99238
2,80017	15,18436
2,80321	14,78294
2,80635	15,74287
2,80974	14,87021
2,81306	15,37635
2,81634	14,99238
2,81948	15,30654
2,82248	15,48107
2,82561	15,23672
2,82877	15,28908
2,83223	15,48107
2,83531	15,56834
2,83865	15,25418
2,84194	15,41126
2,84539	15,28908
2,84871	15,55088
2,85186	15,35890
2,85485	15,44616
2,85795	15,42871
2,86120	15,37635
2,86423	15,81268
2,86728	15,11455
2,87065	15,89995
2,87402	14,87021
2,87746	15,88250
2,88068	15,89995
2,88370	15,30654
2,88669	16,07448
2,88980	14,87021
2,89301	16,26647
2,89651	15,44616
2,89986	15,69051
2,90295	15,77778
2,90629	15,09710
2,90982	16,16175
2,91298	15,28908
2,91611	16,05703
2,91908	15,56834
2,92218	15,48107
2,92538	16,12684
2,92878	15,48107
2,93192	16,44100
2,93530	15,30654
2,93868	15,96976
2,94194	16,12684
2,94529	15,67306
2,94831	16,35374
2,95132	15,51598
2,95438	16,21411
2,95766	16,05703
2,96104	16,16175
2,96440	16,26647
2,96750	15,89995
2,97095	16,21411
2,97413	16,16175
2,97748	16,47591
2,98045	15,89995
2,98353	16,21411
2,98665	16,24902
2,98983	16,26647
2,99337	16,51081
2,99690	16,09194
2,99999	16,21411
3,00330	16,02212
3,00652	16,79007
3,00966	15,81268
3,01268	16,59808
3,01577	16,40609
3,01890	16,28392
3,02195	16,77261
3,02503	16,00467
3,02820	16,79007
3,03127	16,33628
3,03465	16,45845
3,03800	16,58063
3,04101	16,12684
3,04405	16,91224
3,04714	15,93486
3,05022	16,91224
3,05349	16,09194
3,05652	16,65044
3,05962	16,73771
3,06271	16,24902
3,06582	17,08677
3,06937	16,00467
3,07254	16,98205
3,07558	16,70280
3,07866	16,52827
3,08170	16,72025
3,08519	16,38864
3,08821	17,03441
3,09137	16,47591
3,09473	16,77261
3,09803	16,35374
3,10124	16,96460
3,10420	16,45845
3,10730	16,91224
3,11037	16,77261
3,11353	16,51081
3,11681	17,08677
3,12015	16,63299
3,12343	17,31367
3,12664	16,40609
3,12972	16,96460
3,13284	17,15659
3,13587	16,70280
3,13895	17,10423
3,14211	16,44100
3,14533	17,08677
3,14832	16,96460
3,15189	17,15659
3,15498	16,63299
3,15826	17,22640
3,16143	16,96460
3,16501	17,48820
3,16813	17,12168
3,17112	17,10423
3,17425	17,50565
3,17744	16,92969
3,18106	17,88962
3,18425	16,72025
3,18735	17,29621
3,19087	16,92969
3,19389	17,69764
3,19744	16,58063
3,20049	17,69764
3,20352	17,41839
3,20662	17,34857
3,20971	17,61037
3,21274	17,10423
3,21588	17,85472
3,21928	17,20895
3,22233	17,75000
3,22548	17,08677
3,22923	17,69764
3,23241	17,22640
3,23543	17,88962
3,23852	17,10423
3,24167	17,62783
3,24545	17,62783
3,24855	17,36603
3,25206	17,29621
3,25525	17,73255
3,25871	17,75000
3,26188	17,41839
3,26489	17,68019
3,26794	17,36603
3,27114	17,99434
3,27442	17,20895
3,27758	17,81981
3,28066	16,96460
3,28378	18,08161
3,28731	17,24385
3,29075	18,01180
3,29387	17,31367
3,29693	18,11652
3,29997	17,92453
3,30315	18,08161
3,30619	17,69764
3,30934	17,62783
3,31245	18,18633
3,31611	17,61037
3,31955	18,34341
3,32317	17,50565
3,32624	18,08161
3,32960	18,04670
3,33276	18,11652
3,33592	17,69764
3,33913	18,39577
3,34211	18,06416
3,34527	18,65757
3,34882	17,62783
3,35240	18,50049
3,35560	17,69764
3,35863	18,76229
3,36169	17,62783
3,36478	18,39577
3,36814	17,73255
3,37131	18,77974
3,37446	17,55801
3,37799	18,69248
3,38158	18,18633
3,38474	18,77974
3,38793	17,80236
3,39114	18,88446
3,39426	18,20378
3,39740	18,77974
3,40046	18,11652
3,40361	18,39577
3,40675	18,32596
3,40977	18,53540
3,41342	18,01180
3,41673	18,53540
3,42010	18,39577
3,42338	18,70993
3,42651	17,81981
3,42955	18,95428
3,43315	18,53540
3,43646	18,58776
3,43971	18,08161
3,44326	18,90192
3,44641	18,37832
3,44949	18,84956
3,45268	18,04670
3,45575	18,70993
3,45883	18,25614
3,46198	18,81465
3,46508	18,39577
3,46868	18,34341
3,47183	19,11136
3,47492	19,02409
3,47808	18,53540
3,48167	18,69248
3,48475	18,84956
3,48781	18,90192
3,49090	18,46558
3,49399	18,77974
3,49745	18,81465
3,50053	18,90192
3,50367	18,72738
3,50724	18,81465
3,51062	18,83210
3,51385	19,42551
3,51696	18,58776
3,52006	19,28589
3,52311	18,70993
3,52628	19,61750
3,52971	18,69248
3,53324	19,02409
3,53622	18,91937
3,53978	19,73967
3,54325	18,39577
3,54629	19,68731
3,54937	18,64012
3,55238	19,86185
3,55555	18,43068
3,55863	19,94911
3,56200	18,83210
3,56538	19,72222
3,56848	18,65757
3,57209	19,86185
3,57555	18,46558
3,57870	19,84439
3,58175	18,70993
3,58483	19,84439
3,58791	18,70993
3,59101	19,86185
3,59409	18,88446
3,59708	19,93166
3,60026	18,70993
3,60391	20,12365
3,60727	18,46558
3,61044	19,98402
3,61346	19,04154
3,61650	19,56514
3,61963	18,83210
3,62265	19,93166
3,62577	19,16372
3,62923	19,93166
3,63282	18,76229
3,63633	20,17601
3,63988	19,79203
3,64297	18,88446
3,64603	20,19346
3,64905	19,19862
3,65220	20,33309
3,65527	18,46558
3,65831	20,33309
3,66195	19,23353
3,66540	20,36799
3,66912	18,76229
3,67232	20,36799
3,67535	19,80949
3,67840	19,94911
3,68153	19,66986
3,68488	20,10619
3,68801	20,03638
3,69113	19,65241
3,69426	19,98402
3,69739	19,72222
3,70038	20,50762
3,70348	19,30334
3,70655	20,31563
3,70965	19,79203
3,71266	20,50762
3,71586	19,65241
3,71910	20,61234
3,72221	19,61750
3,72557	20,83923
3,72934	19,35570
3,73246	21,03122
3,73549	19,40806
3,73858	20,50762
3,74157	19,60005
3,74469	20,68215
3,74819	19,73967
3,75153	20,33309
3,75455	20,38545
3,75762	20,03638
3,76114	20,64725
3,76462	19,46042
3,76767	21,15339
3,77076	19,21608
3,77383	21,10103
3,77690	18,81465
3,78002	21,32792
3,78317	19,28589
3,78624	21,13594
3,78938	19,28589
3,79238	21,48500
3,79601	19,75713
3,79939	20,96140
3,80247	20,17601
3,80552	20,31563
3,80859	20,89159
3,81175	19,53023
3,81471	21,06612
3,81786	19,87930
3,82135	21,36283
3,82446	19,46042
3,82803	21,48500
3,83136	20,03638
3,83440	20,75196
3,83757	20,45526
3,84071	20,42035
3,84382	21,45010
3,84728	19,93166
3,85046	21,29302
3,85366	19,65241
3,85669	21,85152
3,86023	19,61750
3,86341	21,99115
3,86661	20,24582
3,86956	21,08358
3,87276	20,87414
3,87585	20,96140
3,87924	21,13594
3,88240	20,31563
3,88552	21,67699
3,88913	19,87930
3,89223	21,55482
3,89544	20,31563
3,89847	21,36283
3,90151	20,90904
3,90460	20,64725
3,90771	21,36283
3,91114	20,57743
3,91439	21,64208
3,91756	20,00147
3,92116	22,04351
3,92473	20,17601
3,92782	20,90904
3,93081	21,67699
3,93389	20,49017
3,93711	21,86898
3,94025	19,87930
3,94380	22,30531
3,94693	20,33309
3,95006	21,64208
3,95361	20,69960
3,95696	21,74680
3,96000	21,78171
3,96302	20,24582
3,96606	22,09587
3,96934	20,83923
3,97242	21,93879
3,97555	20,89159
3,97854	21,74680
3,98160	21,83407
3,98467	21,17084
3,98831	22,04351
3,99135	20,99631
3,99436	22,47984
3,99753	20,38545
4,00073	22,54965
4,00380	20,96140
4,00685	21,60718
4,00995	21,39774
4,01338	21,55482
4,01645	22,16568
4,01943	20,82178
4,02254	22,74164
4,02563	20,76942
4,02865	22,60201
4,03213	20,82178
4,03541	22,09587
4,03856	21,78171
4,04169	21,17084
4,04520	22,54965
4,04873	21,03122
4,05194	21,93879
4,05507	21,93879
4,05828	21,25811
4,06157	22,42748
4,06497	20,96140
4,06836	22,56711
4,07189	21,32792
4,07504	20,96140
4,07829	22,70673
4,08192	20,87414
4,08496	22,47984
4,08793	21,85152
4,09113	21,85152
4,09420	22,32276
4,09785	21,08358
4,10102	22,75909
4,10415	21,48500
4,10773	21,86898
4,11125	22,06096
4,11452	21,72935
4,11755	22,32276
4,12047	21,86898
4,12361	22,28785
4,12673	22,44493
4,12981	21,53736
4,13297	23,02089
4,13608	21,60718
4,13943	22,77655
4,14295	21,46755
4,14606	22,13077
4,14921	22,96853
4,15217	21,32792
4,15530	23,31760
4,15847	21,48500
4,16195	22,77655
4,16533	22,16568
4,16838	21,93879
4,17147	22,93363
4,17459	21,64208
4,17790	22,68928
4,18094	22,16568
4,18401	22,09587
4,18713	22,89872
4,19034	21,92134
4,19340	22,44493
4,19720	22,41003
4,20035	22,49729
4,20390	22,96853
4,20707	21,92134
4,21027	22,70673
4,21335	22,35767
4,21632	21,64208
4,21945	23,26524
4,22266	21,79916
4,22575	23,14307
4,22880	22,13077
4,23185	23,05580
4,23528	22,70673
4,23879	22,11332
4,24206	23,54449
4,24522	22,44493
4,24819	22,42748
4,25129	23,12561
4,25448	22,68928
4,25774	23,00344
4,26112	22,61947
4,26435	23,00344
4,26758	23,50959
4,27069	22,25295
4,27390	23,50959
4,27705	23,12561
4,28029	22,30531
4,28334	23,63176
4,28646	22,44493
4,28950	23,43977
4,29299	22,68928
4,29610	23,14307
4,29954	23,71902
4,30298	22,56711
4,30619	23,64921
4,30941	23,24779
4,31245	22,63692
4,31553	23,43977
4,31892	22,77655
4,32206	23,02089
4,32513	23,63176
4,32863	22,82891
4,33170	23,24779
4,33522	23,63176
4,33836	22,86381
4,34156	23,43977
4,34467	23,02089
4,34772	23,09071
4,35115	23,40487
4,35426	22,25295
4,35743	23,98082
4,36058	22,93363
4,36355	22,75909
4,36672	24,01573
4,36976	23,05580
4,37281	23,54449
4,37582	22,88127
4,37874	23,70157
4,38188	23,26524
4,38536	22,93363
4,38848	23,89356
4,39161	23,47468
4,39502	23,00344
4,39823	23,98082
4,40141	23,64921
4,40452	23,45723
4,40765	24,15536
4,41067	23,28269
4,41389	24,01573
4,41734	22,96853
4,42043	23,64921
4,42360	24,08554
4,42707	22,96853
4,43018	24,20772
4,43323	23,85865
4,43623	23,47468
4,43928	24,41716
4,44237	23,33505
4,44558	23,77138
4,44928	23,89356
4,45241	23,47468
4,45597	23,57940
4,45910	24,08554
4,46244	23,50959
4,46561	23,78884
4,46860	24,34734
4,47167	23,45723
4,47490	24,01573
4,47800	23,66666
4,48136	23,71902
4,48445	23,96337
4,48751	23,19543
4,49100	24,39970
4,49418	23,78884
4,49724	23,38741
4,50030	24,85349
4,50338	23,73648
4,50677	23,82374
4,50986	24,36480
4,51334	23,91101
4,51653	23,82374
4,51959	24,43461
4,52266	23,98082
4,52571	24,01573
4,52878	24,53933
4,53201	24,22517
4,53506	24,67896
4,53827	24,12045
4,54146	24,50442
4,54494	24,73132
4,54838	23,70157
4,55141	24,53933
4,55483	24,73132
4,55800	23,82374
4,56097	24,87094
4,56427	24,67896
4,56727	24,36480
4,57045	24,95821
4,57343	24,34734
4,57697	24,22517
4,58042	24,69641
4,58345	24,34734
4,58682	24,29498
4,59008	24,76622
4,59329	24,46952
4,59643	24,20772
4,59948	25,13274
4,60265	24,31244
4,60559	24,27753
4,60905	25,20255
4,61255	23,85865
4,61558	24,12045
4,61903	25,06293
4,62207	24,15536
4,62512	24,36480
4,62819	25,04547
4,63119	24,57424
4,63434	24,60914
4,63764	24,48697
4,64084	24,76622
4,64423	24,39970
4,64720	24,67896
4,65031	24,76622
4,65348	24,76622
4,65667	24,66150
4,65966	24,92330
4,66273	25,27237
4,66587	24,46952
4,66923	25,13274
4,67228	25,20255
4,67539	24,22517
4,67880	25,25491
4,68200	25,04547
4,68507	24,46952
4,68808	25,44690
4,69104	25,11529
4,69409	24,92330
4,69766	25,53417
4,70118	24,76622
4,70438	24,81858
4,70742	25,06293
4,71089	24,95821
4,71409	24,74877
4,71725	25,13274
4,72034	25,08038
4,72342	24,94076
4,72658	25,42945
4,72972	25,23746
4,73294	24,74877
4,73613	25,56907
4,73947	24,87094
4,74297	24,69641
4,74646	25,58653
4,74955	25,15019
4,75253	24,88840
4,75569	25,77851
4,75881	25,30727
4,76207	25,01057
4,76567	25,83087
4,76875	25,27237
4,77227	25,27237
4,77576	25,72615
4,77887	25,46435
4,78190	25,63889
4,78495	25,65634
4,78810	25,84833
4,79113	25,62143
4,79449	25,63889
4,79802	25,84833
4,80121	25,27237
4,80477	25,49926
4,80827	25,69125
4,81148	26,00541
4,81471	25,56907
4,81770	25,84833
4,82086	26,19739
4,82407	25,62143
4,82708	25,63889
4,83015	25,95305
4,83337	25,72615
4,83699	25,70870
4,84039	26,07522
4,84349	25,77851
4,84652	25,51671
4,84959	26,21485
4,85274	25,76106
4,85584	25,49926
4,85909	26,04031
4,86257	25,51671
4,86590	25,15019
4,86906	26,14503
4,87278	25,77851
4,87587	25,51671
4,87891	26,02286
4,88198	25,84833
4,88513	25,81342
4,88829	26,14503
4,89137	25,58653
4,89486	25,97050
4,89810	26,02286
4,90126	25,70870
4,90483	26,35447
4,90790	26,23230
4,91089	25,77851
4,91401	26,56391
4,91721	26,16249
4,92033	25,72615
4,92335	26,45919
4,92692	25,90069
4,93009	26,02286
4,93308	26,61627
4,93670	26,23230
4,93977	26,11013
4,94275	26,52900
4,94587	26,21485
4,94936	26,07522
4,95245	26,21485
4,95551	26,23230
4,95848	26,23230
4,96156	26,16249
4,96514	26,21485
4,96872	26,33702
4,97184	26,14503
4,97497	26,23230
4,97807	26,73844
4,98137	25,83087
4,98484	25,95305
4,98797	26,65118
4,99107	26,21485
4,99434	25,97050
4,99794	27,29695
5,00111	26,35447
5,00413	26,26721
5,00717	26,84316
5,01041	26,33702
5,01362	26,35447
5,01707	26,84316
5,02074	26,49410
5,02392	26,87807
5,02748	27,03515
5,03087	26,47664
5,03418	27,36676
5,03742	27,03515
5,04060	26,37192
5,04394	26,98279
5,04746	27,03515
5,05074	26,66863
5,05390	26,80826
5,05756	27,17478
5,06096	27,31440
5,06402	26,87807
5,06707	26,80826
5,07007	26,93043
5,07329	26,93043
5,07661	26,84316
5,07964	26,93043
5,08282	26,94788
5,08599	27,07006
5,08907	26,87807
5,09253	26,87807
5,09554	27,33186
5,09865	26,56391
5,10157	26,59882
5,10451	27,41912
5,10767	26,80826
5,11114	26,68608
5,11435	27,64602
5,11736	27,07006
5,12036	26,73844
5,12395	27,68092
5,12711	27,03515
5,13011	27,17478
5,13319	27,41912
5,13631	27,10496
5,13931	27,38422
5,14237	27,52384
5,14594	27,22714
5,14941	27,50639
5,15297	27,55875
5,15629	26,65118
5,15941	27,55875
5,16251	27,36676
5,16558	27,07006
5,16870	27,55875
5,17185	27,61111
5,17500	27,55875
5,17796	27,41912
5,18105	27,48894
5,18452	27,68092
5,18757	27,31440
5,19063	27,31440
5,19366	27,71583
5,19671	27,29695
5,19992	27,31440
5,20309	27,76819
5,20607	27,48894
5,20930	27,19223
5,21269	27,52384
5,21579	27,29695
5,21904	27,62856
5,22214	27,33186
5,22519	27,29695
5,22825	28,27433
5,23139	27,61111
5,23455	27,26204
5,23760	28,22197
5,24077	27,55875
5,24416	27,26204
5,24717	28,16961
5,25022	27,69838
5,25330	27,82055
5,25637	28,09980
5,25944	27,90781
5,26254	28,13471
5,26570	28,09980
5,26899	27,64602
5,27210	28,13471
5,27547	27,89036
5,27886	27,75074
5,28207	28,36160
5,28524	28,20452
5,28828	28,20452
5,29130	27,99508
5,29445	28,16961
5,29748	28,27433
5,30093	27,94272
5,30392	27,96017
5,30733	28,39651
5,31085	27,94272
5,31397	28,13471
5,31713	27,99508
5,32015	27,90781
5,32318	28,60595
5,32633	27,62856
5,32991	27,68092
5,33305	28,55359
5,33619	27,94272
5,33974	27,96017
5,34330	28,53613
5,34654	27,89036
5,34972	28,74557
5,35269	28,06489
5,35578	27,89036
5,35893	28,60595
5,36199	28,29179
5,36539	28,25688
5,36840	28,71067
5,37189	28,29179
5,37537	28,71067
5,37854	28,58849
5,38163	27,94272
5,38470	28,64085
5,38778	28,36160
5,39098	28,46632
5,39434	28,48377
5,39787	28,65831
5,40124	28,97247
5,40486	28,46632
5,40833	28,51868
5,41137	28,27433
5,41441	28,44887
5,41751	28,79793
5,42070	28,34415
5,42379	28,51868
5,42685	28,64085
5,42992	28,46632
5,43307	28,72812
5,43677	28,39651
5,44024	28,08235
5,44325	29,11209
5,44629	28,51868
5,44940	28,53613
5,45244	29,16445
5,45552	28,44887
5,45860	28,97247
5,46164	28,92011
5,46520	28,27433
5,46880	29,16445
5,47233	28,86775
5,47544	28,98992
5,47865	29,30408
5,48175	28,74557
5,48490	29,54842
5,48785	29,18191
5,49099	28,60595
5,49413	29,28662
5,49776	29,09464
5,50083	29,21681
5,50426	29,18191
5,50731	29,18191
5,51057	29,37389
5,51358	29,25172
5,51714	29,23426
5,52029	29,05973
5,52334	29,04228
5,52640	29,40880
5,52954	29,04228
5,53253	29,21681
5,53559	29,32153
5,53868	29,02483
5,54186	29,49606
5,54496	28,78048
5,54816	28,79793
5,55155	29,67060
5,55449	28,93756
5,55770	29,21681
5,56119	29,63569
5,56425	28,92011
5,56746	29,88004
5,57070	29,18191
5,57379	29,09464
5,57685	29,70550
5,58021	29,12955
5,58347	29,63569
5,58666	29,79277
5,58969	29,09464
5,59297	29,88004
5,59633	29,67060
5,59932	29,30408
5,60242	29,51352
5,60557	29,47861
5,60856	30,00221
5,61170	29,67060
5,61512	29,56588
5,61829	29,67060
5,62146	29,49606
5,62458	29,70550
5,62820	29,37389
5,63126	29,44370
5,63427	29,54842
5,63742	29,47861
5,64044	30,26401
5,64365	29,42625
5,64717	29,49606
5,65024	29,88004
5,65339	29,16445
5,65646	29,79277
5,66009	29,56588
5,66319	29,23426
5,66645	30,40364
5,66966	29,47861
5,67280	30,05457
5,67599	29,93240
5,67899	29,40880
5,68214	30,38618
5,68517	29,88004
5,68819	30,05457
5,69171	30,47345
5,69487	29,96730
5,69791	30,52581
5,70094	30,21165
5,70409	29,63569
5,70717	30,28146
5,71035	30,00221
5,71387	30,50836
5,71696	30,19420
5,72008	30,21165
5,72342	30,28146
5,72657	30,15929
5,72964	30,35128
5,73265	30,00221
5,73575	30,14184
5,73889	30,24656
5,74189	30,12438
5,74491	30,71779
5,74803	30,01966
5,75135	30,07202
5,75458	30,43854
5,75787	29,82768
5,76095	30,26401
5,76406	30,19420
5,76706	29,68805
5,77024	30,97959
5,77327	30,19420
5,77629	30,26401
5,77972	30,57817
5,78272	29,79277
5,78566	30,89233
5,78917	30,35128
5,79231	30,08948
5,79533	30,90978
5,79846	30,21165
5,80161	30,89233
5,80462	30,66543
5,80769	30,05457
5,81070	30,71779
5,81377	30,38618
5,81711	30,90978
5,82035	30,63053
5,82334	30,57817
5,82634	30,66543
5,82935	30,50836
5,83247	30,77015
5,83538	30,47345
5,83851	30,45600
5,84160	30,78761
5,84463	30,35128
5,84809	31,04941
5,85111	30,45600
5,85423	30,50836
5,85727	30,89233
5,86038	30,21165
5,86350	30,59562
5,86686	30,64798
5,86997	30,21165
5,87289	31,41593
5,87610	30,54326
5,87936	30,73525
5,88236	31,03195
5,88543	30,33382
5,88840	31,41593
5,89134	30,85742
5,89447	30,83997
5,89780	31,48574
5,90129	30,92723
5,90432	31,53810
5,90747	31,15413
5,91071	30,92723
5,91390	31,15413
5,91691	30,92723
5,91999	31,55555
5,92307	31,27630
5,92629	31,39847
5,92952	31,10177
5,93279	31,03195
5,93585	31,27630
5,93918	30,97959
5,94243	31,66027
5,94600	31,03195
5,94913	31,31121
5,95234	31,20649
5,95547	31,01450
5,95863	31,41593
5,96157	30,78761
5,96463	31,27630
5,96801	31,24139
5,97111	30,70034
5,97448	31,99189
5,97759	30,96214
5,98078	31,66027
5,98385	31,24139
5,98686	31,03195
5,99002	31,74754
5,99316	31,04941
5,99654	31,85226
5,99960	31,73009
6,00301	31,29375
6,00629	31,74754
6,00983	30,97959
6,01305	31,67773
6,01616	31,31121
6,01922	31,88717
6,02246	31,66027
6,02555	31,57301
6,02858	31,66027
6,03206	31,39847
6,03537	31,74754
6,03878	31,41593
6,04199	31,73009
6,04510	31,34611
6,04815	31,57301
6,05124	31,74754
6,05442	31,31121
6,05743	32,11406
6,06043	31,17158
6,06352	31,20649
6,06666	31,93953
6,06996	31,20649
6,07337	32,44567
6,07661	31,62537
6,07976	31,92207
6,08279	31,93953
6,08594	31,34611
6,08893	32,34095
6,09210	31,50319
6,09507	32,13151
6,09816	32,37586
6,10127	31,50319
6,10444	32,53294
6,10753	31,85226
6,11059	32,23623
6,11364	32,07915
6,11675	31,85226
6,11974	32,37586
6,12284	32,25368
6,12600	32,56784
6,12941	32,04425
6,13242	32,20132
6,13585	32,06170
6,13888	32,04425
6,14197	32,20132
6,14500	31,99189
6,14816	32,77728
6,15162	31,95698
6,15470	32,00934
6,15782	31,86971
6,16120	31,48574
6,16426	32,81219
6,16731	31,69518
6,17041	32,77728
6,17346	32,30604
6,17656	31,81735
6,17966	32,75983
6,18285	31,46829
6,18592	32,70747
6,18899	32,25368
6,19226	32,20132
6,19563	32,91691
6,19866	31,92207
6,20177	32,91691
6,20480	32,34095
6,20790	32,51548
6,21103	32,49803
6,21406	32,18387
6,21713	32,69002
6,22015	32,62020
6,22334	32,88200
6,22661	32,42822
6,22973	32,63766
6,23287	32,39331
6,23591	32,46312
6,23911	32,65511
6,24229	32,27114
6,24588	33,19616
6,24952	32,23623
6,25256	32,88200
6,25599	32,04425
6,25936	32,32350
6,26252	32,69002
6,26568	32,23623
6,26886	33,33579
6,27226	32,04425
6,27541	33,35324
6,27847	32,18387
6,28195	32,88200
6,28493	33,00418
6,28835	32,51548
6,29181	33,47542
6,29485	32,63766
6,29784	33,54523
6,30091	32,81219
6,30416	33,02163
6,30735	33,03908
6,31026	32,77728
6,31323	33,26598
6,31635	33,14380
6,31970	33,47542
6,32286	33,02163
6,32582	33,19616
6,32904	32,89946
6,33215	33,00418
6,33523	33,10890
6,33826	32,89946
6,34145	33,56268
6,34484	32,69002
6,34824	33,49287
6,35135	32,63766
6,35475	33,00418
6,35785	33,23107
6,36093	32,70747
6,36398	33,85939
6,36720	32,53294
6,37045	33,80703
6,37355	32,63766
6,37697	33,37070
6,38042	33,42306
6,38342	33,03908
6,38681	33,85939
6,38991	32,88200
6,39297	33,91175
6,39607	32,96927
6,39916	33,54523
6,40244	33,30088
6,40567	33,47542
6,40876	33,54523
6,41202	33,45796
6,41510	33,47542
6,41840	33,19616
6,42145	33,47542
6,42450	33,03908
6,42757	33,71976
6,43075	33,07399
6,43376	33,54523
6,43702	33,37070
6,44011	33,23107
6,44340	33,71976
6,44659	32,72492
6,44972	34,06883
6,45277	33,14380
6,45592	33,64995
6,45898	33,80703
6,46209	33,02163
6,46516	34,19100
6,46874	32,81219
6,47204	34,19100
6,47525	33,26598
6,47860	34,29572
6,48169	33,99901
6,48465	33,99901
6,48789	34,29572
6,49114	33,23107
6,49423	34,13864
6,49726	33,64995
6,50064	34,33063
6,50415	34,03392
6,50718	34,36553
6,51068	33,84193
6,51372	34,06883
6,51677	33,71976
6,51987	34,22591
6,52302	33,87684
6,52620	33,75467
6,52978	34,38299
6,53293	33,59759
6,53597	34,33063
6,53940	33,26598
6,54292	34,33063
6,54616	33,61504
6,54943	34,60988
6,55266	33,94665
6,55599	34,12119
6,55905	34,29572
6,56207	33,75467
6,56520	34,67969
6,56823	33,45796
6,57181	34,76696
6,57535	34,12119
6,57843	34,71460
6,58154	34,05137
6,58458	34,31317
6,58793	34,26081
6,59113	34,12119
6,59411	34,41789
6,59727	34,29572
6,60027	34,48771
6,60336	34,17355
6,60638	34,45280
6,60945	33,91175
6,61260	34,83677
6,61574	34,03392
6,61908	34,60988
6,62227	34,26081
6,62541	34,13864
6,62837	34,41789
6,63176	33,40560
6,63527	35,13348
6,63872	33,73721
6,64171	35,41273
6,64477	33,78957
6,64782	35,15093
6,65096	34,31317
6,65407	34,41789
6,65725	34,95894
6,66037	34,03392
6,66390	35,41273
6,66707	34,24336
6,67050	35,36037
6,67368	34,33063
6,67682	35,08112
6,67990	34,62733
6,68308	35,20329
6,68638	34,95894
6,68946	35,01130
6,69291	34,74951
6,69588	34,83677
6,69931	34,67969
6,70238	34,74951
6,70552	34,76696
6,70853	34,57497
6,71180	35,25565
6,71498	34,43535
6,71823	35,39528
6,72159	34,12119
6,72479	35,25565
6,72780	34,36553
6,73084	35,41273
6,73410	34,95894
6,73722	34,41789
6,74022	35,41273
6,74329	34,13864
6,74643	35,74434
6,74973	34,36553
6,75282	35,67453
6,75587	34,81932
6,75916	35,46509
6,76226	35,25565
6,76544	34,90659
6,76850	35,20329
6,77153	34,87168
6,77465	35,41273
6,77776	35,25565
6,78120	35,32546
6,78446	34,94149
6,78757	35,22074
6,79108	34,74951
6,79429	35,51745
6,79738	34,81932
6,80043	35,86652
6,80340	34,57497
6,80650	35,77925
6,80966	34,67969
6,81270	34,88913
6,81572	35,44764
6,81920	34,55752
6,82221	36,28540
6,82529	34,41789
6,82841	36,32030
6,83151	34,38299
6,83448	35,98869
6,83750	35,08112
6,84060	35,63962
6,84375	36,05850
6,84723	35,27310
6,85037	36,18068
6,85342	35,01130
6,85700	35,98869
6,86041	35,27310
6,86351	35,98869
6,86653	35,67453
6,86953	35,86652
6,87258	35,34292
6,87560	35,77925
6,87875	35,22074
6,88201	36,18068
6,88559	35,16838
6,88872	36,40757
6,89224	35,15093
6,89545	36,12832
6,89863	35,06366
6,90167	35,79670
6,90480	35,55236
6,90787	35,32546
6,91130	36,35521
6,91446	34,95894
6,91768	36,47738
6,92077	34,90659
6,92431	36,66937
6,92749	34,95894
6,93066	36,80899
6,93368	35,34292
6,93683	36,66937
6,94000	35,44764
6,94342	36,23304
6,94677	35,72689
6,95000	36,40757
6,95317	36,04105
6,95677	36,40757
6,95988	35,90142
6,96289	36,30285
6,96595	35,58726
6,96920	36,44247
6,97243	35,65708
6,97553	36,54719
6,97853	35,70944
6,98167	35,91888
6,98467	35,97124
6,98829	35,09857
6,99141	36,73918
6,99438	35,29056
6,99751	37,15806
7,00057	35,08112
7,00384	37,24533
7,00703	35,13348
7,01027	37,05334
7,01392	35,67453
7,01743	36,96607
7,02103	36,02360
7,02409	37,14061
7,02716	35,67453
7,03021	36,80899
7,03340	36,23304
7,03666	36,93117
7,03980	36,56465
7,04323	37,00098
7,04636	36,49483
7,04943	36,75663
7,05307	36,11086
7,05631	36,94862
7,05946	35,97124
7,06257	37,21042
7,06576	35,93633
7,06906	36,87881
7,07217	36,04105
7,07526	36,49483
7,07869	36,51229
7,08195	36,12832
7,08539	36,93117
7,08865	36,05850
7,09180	36,73918
7,09478	36,32030
7,09793	37,08825
7,10155	35,98869
7,10488	37,64675
7,10793	36,23304
7,11125	37,26278
7,11436	35,98869
7,11749	37,05334
7,12063	36,30285
7,12385	37,15806
7,12726	36,75663
7,13075	37,05334
7,13381	36,66937
7,13686	36,86135
7,14041	36,70427
7,14408	37,00098
7,14745	36,61701
7,15061	37,00098
7,15375	36,80899
7,15700	36,63446
7,16026	36,02360
7,16344	37,28023
7,16656	36,21558
7,16981	37,78638
7,17287	35,86652
7,17597	38,01327
7,17910	35,83161
7,18215	38,04818
7,18529	36,09341
7,18845	38,24016
7,19188	36,59955
7,19501	37,97836
7,19838	36,56465
7,20156	37,64675
7,20474	36,82645
7,20834	37,73402
7,21147	37,24533
7,21470	37,59439
7,21803	36,96607
7,22121	37,59439
7,22439	36,79154
7,22792	37,76893
7,23098	36,73918
7,23428	37,89110
7,23765	36,56465
7,24136	37,83874
7,24459	36,05850
7,24771	37,82128
7,25066	36,40757
7,25374	38,34488
7,25688	36,12832
7,26008	38,55432
7,26320	36,05850
7,26620	38,41470
7,26950	36,35521
7,27257	38,48451
7,27564	36,93117
7,27880	38,27507
7,28207	37,19297
7,28512	37,90855
7,28823	37,14061
7,29141	38,01327
7,29498	37,54203
7,29822	37,97836
7,30141	37,31514
7,30495	37,76893
7,30845	36,86135
7,31176	38,03072
7,31483	36,94862
7,31792	38,24016
7,32101	36,87881
7,32410	38,29252
7,32711	36,25049
7,33033	38,65904
7,33349	36,42502
7,33705	39,06047
7,34080	36,54719
7,34391	39,06047
7,34713	36,44247
7,35027	38,95575
7,35347	36,61701
7,35664	39,23500
7,35967	36,96607
7,36318	38,93830
7,36629	37,08825
7,36953	38,55432
7,37344	37,45477
7,37664	38,65904
7,37971	37,92600
7,38277	38,17035
7,38592	37,82128
7,38888	38,17035
7,39201	37,85619
7,39506	38,27507
7,39812	37,69911
7,40108	38,53687
7,40402	37,43731
7,40691	38,62414
7,40970	36,56465
7,41254	39,11283
7,41550	37,00098
7,41861	39,14774
7,42160	37,78638
7,42482	38,34488
7,42774	38,01327
7,43069	38,15290
7,43387	38,62414
7,43718	37,52458
7,44034	39,18264
7,44333	37,97836
7,44644	38,81612
7,44961	37,62930
7,45300	38,81612
7,45616	37,97836
7,45922	38,65904
7,46269	38,36234
7,46601	38,41470
7,46928	38,46706
7,47234	37,78638
7,47542	38,79867
7,47852	37,71657
7,48175	39,25245
7,48519	37,71657
7,48823	39,04302
7,49131	37,35005
7,49467	39,06047
7,49798	37,71657
7,50100	39,58407
7,50405	37,47222
7,50715	39,56661
7,51025	37,64675
7,51347	39,13028
7,51660	38,15290
7,51973	39,30481
7,52323	38,60668
7,52651	39,13028
7,52987	38,15290
7,53322	39,25245
7,53630	38,22271
7,53936	39,37463
7,54253	38,55432
7,54571	39,25245
7,54886	38,29252
7,55195	39,30481
7,55536	38,27507
7,55886	39,33972
7,56206	38,24016
7,56516	39,18264
7,56834	38,34488
7,57140	38,93830
7,57454	38,03072
7,57770	39,51425
7,58095	37,89110
7,58401	39,96804
7,58729	37,89110
7,59070	39,72369
7,59403	38,11799
7,59722	39,26991
7,60040	38,86848
7,60345	39,25245
7,60655	39,07792
7,61003	39,20009
7,61332	38,74631
7,61644	38,86848
7,61975	39,51425
7,62323	39,13028
7,62641	39,56661
7,62959	38,53687
7,63274	39,49680
7,63583	38,53687
7,63910	39,53171
7,64229	38,46706
7,64550	39,72369
7,64892	38,36234
7,65208	39,42699
7,65519	38,48451
7,65829	39,61897
7,66158	38,60668
7,66460	40,14257
7,66767	38,72886
7,67081	39,88077
7,67384	38,43215
7,67747	40,07276
7,68122	38,55432
7,68491	39,77605
7,68843	40,22984
7,69159	38,22271
7,69483	40,36947
7,69785	38,62414
7,70100	40,33456
7,70398	39,20009
7,70709	40,00295
7,71034	39,04302
7,71395	39,88077
7,71718	39,33972
7,72019	39,30481
7,72325	40,26475
7,72652	38,99066
7,72957	39,89823
7,73272	38,62414
7,73589	40,03785
7,73906	38,76376
7,74249	40,59636
7,74564	38,48451
7,74871	41,03269
7,75229	37,97836
7,75531	40,98033
7,75844	37,97836
7,76165	41,36430
7,76521	38,36234
7,76880	41,18977
7,77189	38,41470
7,77498	40,26475
7,77808	39,53171
7,78139	40,33456
7,78444	39,89823
7,78774	39,68879
7,79071	39,96804
7,79385	39,23500
7,79738	40,29965
7,80086	38,95575
7,80388	40,84070
7,80705	38,72886
7,81049	40,61381
7,81416	38,17035
7,81721	40,98033
7,82044	39,72369
7,82351	40,45673
7,82661	39,77605
7,82993	39,84587
7,83316	39,77605
7,83624	39,75860
7,83987	40,68362
7,84334	40,07276
7,84655	41,60865
7,84974	38,81612
7,85298	41,29449
7,85604	39,32227
7,85923	41,24213
7,86273	39,75860
7,86584	40,64872
7,86901	40,09021
7,87243	39,82841
7,87604	40,64872
7,87913	39,49680
7,88216	41,25958
7,88524	39,14774
7,88839	41,22468
7,89183	38,69395
7,89523	41,69592
7,89842	38,72886
7,90158	41,18977
7,90513	39,49680
7,90837	40,75344
7,91151	40,71853
7,91458	39,58407
7,91764	41,45157
7,92077	39,84587
7,92397	41,36430
7,92695	39,53171
7,93012	41,29449
7,93333	39,82841
7,93681	41,25958
7,94040	40,07276
7,94357	41,13741
7,94660	40,22984
7,94960	40,36947
7,95281	40,66617
7,95602	40,07276
7,95939	41,31194
7,96256	39,61897
7,96565	41,52138
7,96927	38,62414
7,97241	42,06243
7,97574	38,86848
7,97881	42,32423
7,98181	39,30481
7,98503	41,71337
7,98817	39,26991
7,99130	41,69592
7,99433	40,02040
7,99748	41,81809
8,00063	40,45673
8,00372	41,25958
8,00679	40,71853
8,00979	40,91052
8,01288	41,10250
8,01608	41,17232
8,01927	41,13741
8,02221	40,42183
8,02544	41,41666
8,02911	40,26475
8,03212	41,55629
8,03538	40,92797
8,03853	41,13741
8,04150	40,87561
8,04461	40,47419
8,04801	41,03269
8,05118	40,40437
8,05430	42,34169
8,05756	39,32227
8,06117	42,65585
8,06420	38,95575
8,06732	43,03982
8,07041	39,25245
8,07341	43,12709
8,07648	39,82841
8,07965	42,79547
8,08281	39,65388
8,08588	42,13225
8,08898	40,80580
8,09240	41,94026
8,09543	41,06760
8,09858	40,84070
8,10175	41,43412
8,10477	40,71853
8,10783	41,74828
8,11096	40,56145
8,11411	41,95772
8,11765	40,40437
8,12064	41,62610
8,12423	41,24213
8,12777	41,32940
8,13096	42,60349
8,13422	39,26991
8,13736	43,28417
8,14050	39,30481
8,14400	43,40634
8,14732	39,81096
8,15048	43,03982
8,15401	41,13741
8,15751	41,83554
8,16106	42,20206
8,16417	40,68362
8,16720	42,79547
8,17021	41,10250
8,17344	42,27187
8,17647	41,11996
8,17952	41,38176
8,18246	41,80064
8,18558	41,11996
8,18916	42,20206
8,19279	40,66617
8,19587	42,41150
8,19893	40,42183
8,20189	42,44641
8,20517	40,94542
8,20869	42,41150
8,21178	41,48648
8,21487	40,52655
8,21814	42,67330
8,22172	40,45673
8,22490	43,66814
8,22797	40,07276
8,23112	43,44125
8,23424	40,19493
8,23729	42,74311
8,24024	41,24213
8,24327	42,72566
8,24620	41,55629
8,24930	42,01008
8,25287	41,60865
8,25632	41,55629
8,25934	42,21951
8,26241	41,69592
8,26547	42,02753
8,26862	41,60865
8,27168	41,69592
8,27472	41,81809
8,27796	41,52138
8,28148	42,74311
8,29506	40,94542
8,29813	41,81809
8,30145	42,83038
8,30464	42,28933
8,30769	41,36430
8,31110	42,93510
8,31413	41,52138
8,31750	43,49360
8,32071	41,76573
8,32381	42,98746
8,32688	41,90536
8,32986	42,02753
8,33305	42,60349
8,33617	41,60865
8,33936	43,16199
8,34274	41,11996
8,34597	42,98746
8,34922	41,31194
8,35227	42,35914
8,35536	43,02237
8,35839	41,60865
8,36152	43,40634
8,36462	40,99778
8,36793	43,94739
8,37102	40,59636
8,37433	44,82006
8,37784	40,61381
8,38141	44,19174
8,38451	41,43412
8,38755	42,51622
8,39063	42,79547
8,39365	42,21951
8,39733	42,86529
8,40071	42,14970
8,40375	42,53367
8,40683	42,65585
8,41002	42,02753
8,41341	43,31907
8,41653	41,38176
8,41960	43,12709
8,42265	41,17232
8,42574	43,40634
8,42921	41,94026
8,43227	43,10963
8,43524	43,54596
8,43871	41,31194
8,44170	43,87758
8,44544	40,78834
8,44864	45,27384
8,45158	41,22468
8,45470	44,20919
8,45779	41,64356
8,46082	43,73795
8,46428	42,63839
8,46772	43,49360
8,47070	43,30162
8,47379	42,41150
8,47741	43,03982
8,48055	42,86529
8,48364	42,44641
8,48674	43,63323
8,48983	41,83554
8,49286	43,56342
8,49627	41,41666
8,49932	44,15683
8,50284	42,86529
8,50584	42,86529
8,50947	44,19174
8,51245	41,32940
8,51551	45,27384
8,51864	40,87561
8,52184	45,41347
8,52539	41,38176
8,52847	44,38372
8,53201	42,84783
8,53550	43,12709
8,53890	44,05211
8,54203	42,44641
8,54506	43,61578
8,54809	42,79547
8,55116	43,03982
8,55434	43,30162
8,55744	42,86529
8,56092	43,56342
8,56429	42,79547
8,56785	42,44641
8,57133	44,34882
8,57440	41,22468
8,57746	45,09931
8,58051	41,90536
8,58362	44,13938
8,58663	42,53367
8,58971	43,75540
8,59341	43,56342
8,59653	43,40634
8,59965	45,29129
8,60310	41,74828
8,60625	45,08185
8,60934	42,53367
8,61238	44,64552
8,61546	43,21435
8,61861	43,80776
8,62176	43,42379
8,62481	43,49360
8,62786	43,37143
8,63090	43,99975
8,63422	42,84783
8,63735	44,12192
8,64049	41,64356
8,64349	45,08185
8,64662	41,71337
8,64981	45,48328
8,65299	41,99262
8,65602	44,47099
8,65928	43,23181
8,66227	43,68559
8,66521	44,66298
8,66866	42,79547
8,67168	45,02949
8,67472	42,07989
8,67779	45,02949
8,68093	42,65585
8,68405	45,09931
8,68716	43,02237
8,69031	44,12192
8,69367	43,49360
8,69708	43,82522
8,70017	43,40634
8,70319	44,38372
8,70622	42,83038
8,70936	44,59316
8,71248	41,80064
8,71554	45,43092
8,71852	42,20206
8,72158	45,62291
8,72507	42,34169
8,72846	44,83751
8,73160	44,38372
8,73475	42,67330
8,73776	46,23377
8,74088	42,39405
8,74398	46,00688
8,74727	42,39405
8,75025	45,53564
8,75344	43,30162
8,75653	45,15167
8,75998	43,92994
8,76334	44,38372
8,76641	43,89503
8,76948	44,40118
8,77257	43,56342
8,77577	44,90732
8,77915	43,24926
8,78225	44,62807
8,78537	43,87758
8,78881	43,47615
8,79217	45,39601
8,79525	42,07989
8,79830	46,14651
8,80139	42,16715
8,80442	45,84980
8,80757	43,05727
8,81055	45,16912
8,81359	44,33136
8,81667	44,01720
8,82015	44,50590
8,82354	44,06956
8,82667	45,53564
8,82967	43,66814
8,83266	44,73279
8,83579	44,08702
8,83898	44,50590
8,84210	44,01720
8,84520	45,02949
8,84867	43,61578
8,85221	45,09931
8,85560	42,58603
8,85866	45,55309
8,86171	44,43608
8,86476	44,01720
8,86782	45,20403
8,87098	43,12709
8,87402	46,25123
8,87746	42,91765
8,88062	46,94936
8,88403	43,28417
8,88737	45,72763
8,89046	44,66298
8,89360	44,52335
8,89660	45,79744
8,89970	44,47099
8,90285	45,08185
8,90586	44,54080
8,90932	44,78515
8,91233	44,71534
8,91549	45,34365
8,91894	44,12192
8,92214	45,43092
8,92518	42,74311
8,92815	46,39085
8,93124	43,35398
8,93437	46,14651
8,93740	43,94739
8,94057	44,83751
8,94407	45,08185
8,94709	44,05211
8,95047	47,00172
8,95368	43,37143
8,95685	46,05924
8,95980	43,94739
8,96275	45,46583
8,96591	44,88987
8,96893	45,48328
8,97198	44,83751
8,97529	44,90732
8,97827	44,47099
8,98137	45,29129
8,98476	44,62807
8,98802	45,39601
8,99112	45,01204
8,99413	43,63323
8,99735	46,33849
9,00064	43,17945
9,00370	47,26352
9,00680	43,44125
9,00977	46,33849
9,01306	44,31391
9,01613	45,72763
9,01920	46,44321
9,02222	44,47099
9,02529	46,65265
9,02856	43,96484
9,03168	46,61774
9,03470	44,47099
9,03778	46,42576
9,04090	44,97713
9,04422	45,74508
9,04772	44,83751
9,05074	45,81489
9,05376	45,01204
9,05687	45,84980
9,06001	44,76770
9,06299	44,95968
9,06608	45,74508
9,06915	44,24410
9,07263	47,01917
9,07592	43,56342
9,07935	47,07153
9,08250	44,24410
9,08550	45,27384
9,08861	46,80973
9,09175	44,66298
9,09499	46,84464
9,09794	44,08702
9,10101	46,58284
9,10443	44,85496
9,10772	46,51302
9,11078	45,34365
9,11382	45,60545
9,11685	45,15167
9,11996	45,93707
9,12307	45,36111
9,12632	45,86725
9,12945	45,43092
9,13254	44,43608
9,13603	46,82718
9,13936	43,96484
9,14276	47,71730
9,14591	44,76770
9,14889	45,34365
9,15183	46,87954
9,15501	44,62807
9,15806	47,80457
9,16144	44,50590
9,16448	47,19370
9,16750	45,04695
9,17076	46,80973
9,17388	45,93707
9,17694	46,25123
9,17996	46,04179
9,18311	46,00688
9,18621	45,79744
9,18936	45,98943
9,19240	46,30359
9,19548	45,41347
9,19868	46,65265
9,20162	44,24410
9,20453	47,66494
9,20734	44,31391
9,21007	47,85693
9,21283	44,27900
9,21560	47,35078
9,21841	44,43608
9,22122	47,54277
9,22404	44,85496
9,22688	47,47296
9,22963	45,02949
9,23228	46,82718
9,23500	45,04695
9,23774	47,10644
9,24036	45,36111
9,24318	47,07153
9,24592	45,67527
9,24869	46,58284
9,25158	45,81489
9,25440	46,25123
9,25726	45,93707
9,26027	46,58284
9,26332	45,69272
9,26670	46,56538
9,26999	44,57571
9,27320	47,94419
9,27625	45,02949
9,27938	46,96681
9,28255	46,14651
9,28582	45,57055
9,28897	47,68240
9,29199	44,90732
9,29500	48,17109
9,29833	45,60545
9,30175	47,07153
9,30478	46,30359
9,30783	46,32104
9,31090	47,33333
9,31404	46,23377
9,31746	46,94936
9,32065	46,00688
9,32370	47,15880
9,32707	45,60545
9,33021	47,64749
9,33325	45,60545
9,33629	46,44321
9,33937	46,82718
9,34245	45,43092
9,34566	48,18854
9,34888	44,90732
9,35199	47,87438
9,35533	45,60545
9,35859	46,82718
9,36199	47,56022
9,36520	45,60545
9,36818	47,49041
9,37125	45,91961
9,37433	47,47296
9,37750	46,65265
9,38062	47,10644
9,38393	46,53048
9,38692	46,72246
9,39012	46,77482
9,39335	46,37340
9,39666	47,56022
9,39980	45,43092
9,40280	47,73476
9,40590	45,57055
9,40901	47,10644
9,41193	47,26352
9,41511	45,74508
9,41836	47,99655
9,42143	45,15167
9,42456	48,32817
9,42821	46,25123
9,43130	47,45550
9,43430	47,94419
9,43743	46,11160
9,44050	47,92674
9,44380	46,68756
9,44741	48,04891
9,45049	46,77482
9,45387	47,36824
9,45741	46,91445
9,46071	46,68756
9,46381	48,17109
9,46682	45,93707
9,46994	47,71730
9,47312	46,32104
9,47619	46,75737
9,47927	48,18854
9,48238	45,69272
9,48601	48,55506
9,48944	45,69272
9,49268	47,36824
9,49570	48,55506
9,49871	46,32104
9,50181	48,06637
9,50501	46,42576
9,50838	48,04891
9,51133	47,33333
9,51489	47,22861
9,51823	47,15880
9,52182	46,89700
9,52506	47,85693
9,52824	46,61774
9,53128	47,80457
9,53435	46,94936
9,53759	46,00688
9,54070	48,36307
9,54373	45,93707
9,54727	48,81686
9,55085	46,26868
9,55430	46,94936
9,55745	48,93903
9,56058	46,72246
9,56367	48,29326
9,56694	47,90929
9,57008	47,10644
9,57335	48,38053
9,57645	47,28097
9,58003	48,55506
9,58314	47,28097
9,58647	48,03146
9,58959	47,33333
9,59269	47,33333
9,59573	48,22345
9,59897	46,61774
9,60229	48,64233
9,60527	46,37340
9,60873	47,59513
9,61222	48,31071
9,61531	46,25123
9,61854	48,64233
9,62167	47,10644
9,62474	47,54277
9,62776	48,88667
9,63093	46,96681
9,63399	48,57251
9,63698	47,10644
9,64021	48,52015
9,64331	47,83947
9,64682	47,99655
9,65004	47,61258
9,65331	47,45550
9,65642	48,32817
9,65951	47,00172
9,66270	48,79941
9,66583	47,00172
9,66936	47,35078
9,67300	48,38053
9,67646	46,58284
9,68017	48,32817
9,68327	48,81686
9,68626	46,70501
9,68939	48,99139
9,69259	48,11873
9,69620	48,24090
9,69931	48,76450
9,70243	47,40314
9,70600	48,88667
9,70933	48,17109
9,71291	48,24090
9,71596	48,25835
9,71898	47,59513
9,72207	48,88667
9,72527	47,54277
9,72883	49,06121
9,73196	47,73476
9,73528	46,80973
9,73886	49,67207
9,74207	47,35078
9,74535	47,54277
9,74858	49,20083
9,75183	46,96681
9,75521	49,06121
9,75845	48,88667
9,76192	47,78711
9,76522	49,00885
9,76875	47,83947
9,77237	48,57251
9,77553	49,00885
9,77866	48,04891
9,78177	48,71214
9,78493	47,68240
9,78812	48,95649
9,79176	48,45034
9,79490	47,97910
9,79793	49,35791
9,80139	47,15880
9,80493	48,76450
9,80824	49,53244
9,81150	47,10644
9,81474	49,06121
9,81795	48,83431
9,82146	47,87438
9,82457	49,84660
9,82752	48,45034
9,83074	48,64233
9,83392	48,83431
9,83742	48,57251
9,84069	49,44518
9,84377	48,38053
9,84684	49,14847
9,84989	48,31071
9,85307	48,93903
9,85623	48,81686
9,85991	47,92674
9,86301	49,58480
9,86632	48,17109
9,86937	48,29326
9,87233	50,12586
9,87536	47,47296
9,87842	49,54990
9,88149	48,13618
9,88482	48,88667
9,88812	49,72443
9,89117	48,31071
9,89457	49,34046
9,89769	48,55506
9,90070	49,00885
9,90392	49,44518
9,90709	48,79941
9,91019	49,16593
9,91336	48,11873
9,91667	49,63716
9,91995	48,48525
9,92306	48,90413
9,92611	49,41027
9,92968	47,42060
9,93277	50,05604
9,93587	49,35791
9,93908	48,11873
9,94223	50,09095
9,94527	48,03146
9,94850	49,72443
9,95169	49,77679
9,95492	48,81686
9,95821	49,72443
9,96172	48,71214
9,96517	49,70698
9,96836	49,79424
9,97149	49,06121
9,97456	49,53244
9,97762	48,71214
9,98067	49,84660
9,98433	49,09611
9,98777	49,07866
9,99099	49,98623
9,99416	48,38053
9,99772	48,90413
10,00083	50,47492
